source_id,source_type,chain,found_motif,found_motif_position,full_secondary_elements,strands_secondary_elements,strand_directions,class,class_confidence,class_reasons,strand_order,has_s0,has_s-1,gap_s6_s7,has_n_helix,has_c_helix
3S1S,pdb,A,NPPY,406-409,Hd_191[191-211] — Hd_301[301-315] — S5(↑)[324-327] — Hd2[334-341] — S6(↑)[351-354] — Hd3[358-369] — S7(↑)[383-385] — Hu3[389-397] — S4(↑)[400-405] — Hu2[443-454] — S3(↑)[460-466] — Hu1[468-484] — S1(↑)[490-495] — S2(↓)[509-515] — S0(↑)[522-528] — Hd_532[532-546] — S-1(↓)[558-564] — Hu_565[565-570],S5(↑)[324-327] — S6(↑)[351-354] — S7(↑)[383-385] — S4(↑)[400-405] — S3(↑)[460-466] — S1(↑)[490-495] — S2(↓)[509-515] — S0(↑)[522-528] — S-1(↓)[558-564],↑↑↑↑↑↓↑↑↓,A,high,S0 and S-1 present at C-terminus (C-terminal extension),S5 → S6 → S7 → S4 → S3 → S1 → S2 → S0 → S-1,True,True,29,True,True
2OKC,pdb,A,NPPF,259-262,Hd_128[128-166] — S5(↑)[174-176] — Hd2[183-193] — Hd2[200-209] — S6(↑)[210-214] — Hd3[217-229] — S7(↑)[239-241] — S4(↑)[253-258] — Hu2[284-295] — S3(↑)[296-307] — Hu1[308-327] — S1(↑)[328-335] — S2(↓)[348-355] — S0(↑)[361-366] — Hd_382[382-393] — S-1(↓)[409-413] — Hu_414[414-423],S5(↑)[174-176] — S6(↑)[210-214] — S7(↑)[239-241] — S4(↑)[253-258] — S3(↑)[296-307] — S1(↑)[328-335] — S2(↓)[348-355] — S0(↑)[361-366] — S-1(↓)[409-413],↑↑↑↑↑↓↑↑↓,A,high,S0 and S-1 present at C-terminus (C-terminal extension),S5 → S6 → S7 → S4 → S3 → S1 → S2 → S0 → S-1,True,True,25,True,True
2OKC,pdb,B,NPPF,259-262,Hd_29[29-52] — Hd_107[107-166] — S5(↑)[174-176] — Hd2[183-193] — Hd2[200-207] — S6(↑)[210-214] — Hd3[217-229] — S7(↑)[239-241] — S4(↑)[253-258] — Hu2[284-295] — S3(↑)[296-307] — Hu1[308-327] — S1(↑)[328-335] — S2(↓)[348-355] — S0(↑)[361-366] — Hd_382[382-393] — S-1(↓)[409-413] — Hu_414[414-423],S5(↑)[174-176] — S6(↑)[210-214] — S7(↑)[239-241] — S4(↑)[253-258] — S3(↑)[296-307] — S1(↑)[328-335] — S2(↓)[348-355] — S0(↑)[361-366] — S-1(↓)[409-413],↑↑↑↑↑↓↑↑↓,A,high,S0 and S-1 present at C-terminus (C-terminal extension),S5 → S6 → S7 → S4 → S3 → S1 → S2 → S0 → S-1,True,True,25,True,True
7RFK,pdb,A,NPPY,165-168,Hu_10[10-27] — Hd_34[34-45] — S5(↑)[58-60] — Hd2[67-90] — Hd2[98-109] — S6(↑)[110-114] — Hd3[117-129] — S7(↑)[144-147] — S4(↑)[159-164] — Hu2[196-206] — S3(↑)[208-219] — Hu1[229-238] — S1(↑)[240-246] — S2(↓)[260-266] — S0(↑)[274-280] — Hd_287[287-297] — S-1(↓)[302-308],S5(↑)[58-60] — S6(↑)[110-114] — S7(↑)[144-147] — S4(↑)[159-164] — S3(↑)[208-219] — S1(↑)[240-246] — S2(↓)[260-266] — S0(↑)[274-280] — S-1(↓)[302-308],↑↑↑↑↑↓↑↑↓,A,high,S0 and S-1 present at C-terminus (C-terminal extension),S5 → S6 → S7 → S4 → S3 → S1 → S2 → S0 → S-1,True,True,30,True,False
7RFK,pdb,B,NPPY,165-168,Hu_10[10-27] — Hd_34[34-45] — S5(↑)[58-60] — Hd2[67-90] — Hd2[98-109] — S6(↑)[110-114] — Hd3[117-128] — S7(↑)[144-147] — S4(↑)[159-164] — Hu2[196-206] — S3(↑)[208-219] — Hu1[229-238] — S1(↑)[240-246] — S2(↓)[260-266] — S0(↑)[274-280] — Hd_287[287-297] — S-1(↓)[302-308],S5(↑)[58-60] — S6(↑)[110-114] — S7(↑)[144-147] — S4(↑)[159-164] — S3(↑)[208-219] — S1(↑)[240-246] — S2(↓)[260-266] — S0(↑)[274-280] — S-1(↓)[302-308],↑↑↑↑↑↓↑↑↓,A,high,S0 and S-1 present at C-terminus (C-terminal extension),S5 → S6 → S7 → S4 → S3 → S1 → S2 → S0 → S-1,True,True,30,True,False
7RFK,pdb,C,NPPY,165-168,Hu_10[10-27] — Hd_34[34-45] — S5(↑)[58-60] — Hd2[67-90] — Hd2[98-109] — S6(↑)[110-113] — Hd3[117-128] — S7(↑)[145-146] — S4(↑)[159-164] — Hu2[196-206] — S3(↑)[208-219] — Hu1[229-238] — S1(↑)[240-246] — S2(↓)[260-266] — S0(↑)[275-280] — Hd_287[287-297] — S-1(↓)[302-307],S5(↑)[58-60] — S6(↑)[110-113] — S7(↑)[145-146] — S4(↑)[159-164] — S3(↑)[208-219] — S1(↑)[240-246] — S2(↓)[260-266] — S0(↑)[275-280] — S-1(↓)[302-307],↑↑↑↑↑↓↑↑↓,A,high,S0 and S-1 present at C-terminus (C-terminal extension),S5 → S6 → S7 → S4 → S3 → S1 → S2 → S0 → S-1,True,True,32,True,False
7LO5,pdb,A,NPPY,448-451,Hu_202[202-242] — Hd_275[275-301] — Hd_308[308-326] — S5(↑)[336-339] — Hd2[346-366] — S6(↑)[368-372] — Hd3[375-393] — S7(↑)[402-404] — Hu3[428-439] — S4(↑)[442-445] — Hu2[468-481] — Hu2[492-503] — S3(↑)[508-515] — Hu1[522-534] — S1(↑)[537-542] — S2(↓)[570-577] — S0(↑)[589-594] — Hd_601[601-615] — S-1(↓)[619-621],S5(↑)[336-339] — S6(↑)[368-372] — S7(↑)[402-404] — S4(↑)[442-445] — S3(↑)[508-515] — S1(↑)[537-542] — S2(↓)[570-577] — S0(↑)[589-594] — S-1(↓)[619-621],↑↑↑↑↑↓↑↑↓,A,high,S0 and S-1 present at C-terminus (C-terminal extension),S5 → S6 → S7 → S4 → S3 → S1 → S2 → S0 → S-1,True,True,30,True,False
7LO5,pdb,B,NPPY,448-451,Hd_129[129-195] — Hu_202[202-221] — Hu_227[227-243] — Hd_275[275-301] — Hd_308[308-325] — S5(↑)[336-339] — Hd2[346-366] — S6(↑)[368-372] — Hd3[375-393] — S7(↑)[402-404] — Hu3[428-437] — S4(↑)[442-447] — Hu2[468-481] — Hu2[492-503] — S3(↑)[508-515] — Hu1[522-534] — S1(↑)[537-542] — S2(↓)[570-577] — S0(↑)[589-594] — Hd_601[601-610] — S-1(↓)[619-621],S5(↑)[336-339] — S6(↑)[368-372] — S7(↑)[402-404] — S4(↑)[442-447] — S3(↑)[508-515] — S1(↑)[537-542] — S2(↓)[570-577] — S0(↑)[589-594] — S-1(↓)[619-621],↑↑↑↑↑↓↑↑↓,A,high,S0 and S-1 present at C-terminus (C-terminal extension),S5 → S6 → S7 → S4 → S3 → S1 → S2 → S0 → S-1,True,True,30,True,False
7LO5,pdb,C,NPPY,448-451,Hd_275[275-289] — Hu_297[297-301] — Hd_308[308-325] — S5(↑)[336-339] — Hd2[346-354] — Hd2[360-366] — S6(↑)[368-371] — Hd3[375-393] — S7(↓)[402-403] — Hu3[407-410] — Hu3[428-438] — S4(↑)[442-447] — Hu2[468-481] — Hu2[492-503] — S3(↑)[508-515] — Hu1[517-534] — S1(↑)[537-542] — S2(↓)[570-577] — S0(↑)[589-594] — Hd_601[601-615] — S-1(↓)[619-621],S5(↑)[336-339] — S6(↑)[368-371] — S7(↓)[402-403] — S4(↑)[442-447] — S3(↑)[508-515] — S1(↑)[537-542] — S2(↓)[570-577] — S0(↑)[589-594] — S-1(↓)[619-621],↓↑↑↑↑↓↑↑↓,A,high,S0 and S-1 present at C-terminus (C-terminal extension),S5 → S6 → S7 → S4 → S3 → S1 → S2 → S0 → S-1,True,True,31,True,False
7LO5,pdb,D,NPPY,448-451,Hu_202[202-218] — Hd_275[275-301] — Hd_308[308-324] — S5(↑)[336-339] — Hd2[349-367] — S6(↑)[368-372] — Hd3[375-392] — S7(↑)[402-404] — Hu3[428-439] — S4(↑)[442-445] — Hu2[471-481] — Hu2[492-503] — S3(↑)[508-515] — Hu1[516-519] — Hu1[525-533] — S1(↑)[537-542] — S2(↓)[570-577] — S0(↑)[589-592] — Hd_601[601-615] — S-1(↓)[619-621],S5(↑)[336-339] — S6(↑)[368-372] — S7(↑)[402-404] — S4(↑)[442-445] — S3(↑)[508-515] — S1(↑)[537-542] — S2(↓)[570-577] — S0(↑)[589-592] — S-1(↓)[619-621],↑↑↑↑↑↓↑↑↓,A,high,S0 and S-1 present at C-terminus (C-terminal extension),S5 → S6 → S7 → S4 → S3 → S1 → S2 → S0 → S-1,True,True,30,True,False
7BTO,pdb,A,NPPY,302-305,Hd_203[203-212] — S4(↑)[296-300] — Hu2[336-345] — S3(↑)[347-357] — Hu1[366-377] — S1(↑)[381-387] — S2(↓)[399-405] — Hd_437[437-443] — Hu_458[458-463],S4(↑)[296-300] — S3(↑)[347-357] — S1(↑)[381-387] — S2(↓)[399-405],↑↑↓↑,Unknown,low,Too few strands (4 < 6) - incomplete catalytic domain,S4 → S3 → S1 → S2,False,False,N/A,True,True
7BTO,pdb,B,NPPY,302-305,Hd_203[203-212] — S4(↑)[296-300] — Hu2[336-345] — S3(↑)[347-357] — Hu1[366-377] — S1(↑)[381-387] — S2(↓)[399-405] — Hd_437[437-443] — Hu_458[458-463],S4(↑)[296-300] — S3(↑)[347-357] — S1(↑)[381-387] — S2(↓)[399-405],↑↑↓↑,Unknown,low,Too few strands (4 < 6) - incomplete catalytic domain,S4 → S3 → S1 → S2,False,False,N/A,True,True
2AR0,pdb,A,NPPF,268-271,Hd_155[155-165] — S5(↑)[173-175] — Hd2[182-192] — Hd2[203-211] — S6(↑)[214-218] — Hd3[221-232] — S7(↑)[246-248] — Hu3[254-257] — S4(↑)[262-267] — Hu2[290-301] — S3(↑)[302-313] — Hu1[314-333] — S1(↑)[334-341] — S2(↓)[354-361] — S0(↑)[376-381] — Hd_397[397-407] — S-1(↓)[449-453] — Hu_454[454-459],S5(↑)[173-175] — S6(↑)[214-218] — S7(↑)[246-248] — S4(↑)[262-267] — S3(↑)[302-313] — S1(↑)[334-341] — S2(↓)[354-361] — S0(↑)[376-381] — S-1(↓)[449-453],↑↑↑↑↑↓↑↑↓,A,high,S0 and S-1 present at C-terminus (C-terminal extension),S5 → S6 → S7 → S4 → S3 → S1 → S2 → S0 → S-1,True,True,28,True,True
2AR0,pdb,B,NPPF,268-271,Hd_155[155-165] — S5(↑)[173-175] — Hd2[182-192] — Hd2[203-211] — S6(↑)[214-218] — Hd3[221-232] — S7(↑)[246-248] — Hu3[254-257] — S4(↑)[262-267] — Hu2[290-301] — S3(↑)[302-313] — Hu1[314-333] — S1(↑)[334-341] — S2(↓)[354-361] — S0(↑)[376-381] — Hd_397[397-407] — S-1(↓)[449-453] — Hu_454[454-459],S5(↑)[173-175] — S6(↑)[214-218] — S7(↑)[246-248] — S4(↑)[262-267] — S3(↑)[302-313] — S1(↑)[334-341] — S2(↓)[354-361] — S0(↑)[376-381] — S-1(↓)[449-453],↑↑↑↑↑↓↑↑↓,A,high,S0 and S-1 present at C-terminus (C-terminal extension),S5 → S6 → S7 → S4 → S3 → S1 → S2 → S0 → S-1,True,True,28,True,True
5FFJ,pdb,A,NPPY,1018-1021,Hu_744[744-759] — Hd_766[766-810] — Hd_871[871-889] — S5(↑)[900-902] — Hd2[909-939] — S6(↑)[940-944] — Hd3[947-961] — S7(↑)[977-979] — Hu3[982-985] — Hu3[998-1005] — S4(↑)[1014-1017] — Hu2[1038-1049] — Hu2[1058-1074] — S3(↑)[1079-1086] — Hu1[1088-1105] — S1(↑)[1108-1115] — Hu_1123[1123-1128] — S2(↓)[1141-1148] — S0(↑)[1155-1160] — Hd_1167[1167-1176],S5(↑)[900-902] — S6(↑)[940-944] — S7(↑)[977-979] — S4(↑)[1014-1017] — S3(↑)[1079-1086] — S1(↑)[1108-1115] — S2(↓)[1141-1148] — S0(↑)[1155-1160],↑↑↑↑↑↓↑↑,A,medium,S0 present at C-terminus but S-1 missing (incomplete C-terminal extension),S5 → S6 → S7 → S4 → S3 → S1 → S2 → S0,True,False,33,True,True
5FFJ,pdb,B,NPPY,1018-1021,Hu_744[744-759] — Hu_766[766-786] — Hu_792[792-811] — Hd_871[871-889] — S5(↑)[899-902] — Hd2[909-923] — Hd2[929-939] — S6(↑)[940-944] — Hd3[947-964] — S7(↑)[977-979] — Hu3[982-985] — Hu3[998-1008] — S4(↑)[1012-1017] — Hu2[1038-1049] — Hu2[1058-1074] — S3(↑)[1075-1086] — Hu1[1087-1090] — Hu1[1096-1105] — S1(↑)[1108-1115] — Hu_1123[1123-1128] — S2(↓)[1141-1147] — S0(↑)[1155-1160] — Hd_1167[1167-1177] — S-1(↓)[1186-1188],S5(↑)[899-902] — S6(↑)[940-944] — S7(↑)[977-979] — S4(↑)[1012-1017] — S3(↑)[1075-1086] — S1(↑)[1108-1115] — S2(↓)[1141-1147] — S0(↑)[1155-1160] — S-1(↓)[1186-1188],↑↑↑↑↑↓↑↑↓,A,high,S0 and S-1 present at C-terminus (C-terminal extension),S5 → S6 → S7 → S4 → S3 → S1 → S2 → S0 → S-1,True,True,33,True,False
4XQK,pdb,A,NPPY,1018-1021,Hu_766[766-786] — Hu_797[797-810] — Hd_871[871-889] — S5(↑)[899-902] — Hd2[909-939] — S6(↑)[940-944] — Hd3[947-964] — S7(↑)[977-979] — Hu3[982-985] — Hu3[998-1009] — S4(↑)[1012-1017] — Hu2[1038-1049] — Hu2[1058-1075] — S3(↑)[1079-1086] — Hu1[1088-1105] — S1(↑)[1108-1115] — Hu_1123[1123-1129] — S2(↓)[1140-1147] — S0(↑)[1156-1161] — Hd_1168[1168-1184] — S-1(↓)[1189-1191],S5(↑)[899-902] — S6(↑)[940-944] — S7(↑)[977-979] — S4(↑)[1012-1017] — S3(↑)[1079-1086] — S1(↑)[1108-1115] — S2(↓)[1140-1147] — S0(↑)[1156-1161] — S-1(↓)[1189-1191],↑↑↑↑↑↓↑↑↓,A,high,S0 and S-1 present at C-terminus (C-terminal extension),S5 → S6 → S7 → S4 → S3 → S1 → S2 → S0 → S-1,True,True,33,True,False
4XQK,pdb,B,NPPY,1018-1021,Hu_766[766-786] — Hu_797[797-810] — Hd_871[871-888] — S5(↑)[899-902] — Hd2[909-939] — S6(↑)[940-944] — Hd3[947-968] — S7(↑)[977-979] — Hu3[982-985] — Hu3[998-1008] — S4(↑)[1012-1017] — Hu2[1038-1049] — Hu2[1058-1075] — S3(↑)[1079-1086] — Hu1[1088-1105] — S1(↑)[1108-1115] — Hu_1123[1123-1129] — S2(↓)[1140-1147] — S0(↑)[1156-1161] — Hd_1168[1168-1184] — S-1(↓)[1189-1191],S5(↑)[899-902] — S6(↑)[940-944] — S7(↑)[977-979] — S4(↑)[1012-1017] — S3(↑)[1079-1086] — S1(↑)[1108-1115] — S2(↓)[1140-1147] — S0(↑)[1156-1161] — S-1(↓)[1189-1191],↑↑↑↑↑↓↑↑↓,A,high,S0 and S-1 present at C-terminus (C-terminal extension),S5 → S6 → S7 → S4 → S3 → S1 → S2 → S0 → S-1,True,True,33,True,False
3KHK,pdb,A,NPPF,335-338,Hd_230[230-240] — S5(↑)[245-249] — Hd2[256-282] — S6(↑)[283-287] — Hu_292[292-304] — S4(↑)[329-334] — Hu2[346-354] — Hu2[373-382] — S3(↑)[384-395] — Hu1[397-415] — S1(↑)[419-424] — S2(↓)[437-443] — S0(↑)[458-463] — Hd_480[480-495] — S-1(↓)[507-511] — Hu_512[512-517],S5(↑)[245-249] — S6(↑)[283-287] — S4(↑)[329-334] — S3(↑)[384-395] — S1(↑)[419-424] — S2(↓)[437-443] — S0(↑)[458-463] — S-1(↓)[507-511],↑↑↑↑↓↑↑↓,A,high,S0 and S-1 present at C-terminus (C-terminal extension),S5 → S6 → S4 → S3 → S1 → S2 → S0 → S-1,True,True,N/A,True,True
3KHK,pdb,B,NPPF,335-338,Hd_230[230-240] — S5(↑)[245-249] — Hd2[256-280] — S6(↑)[283-287] — Hu_292[292-304] — S4(↑)[329-334] — Hu2[346-354] — Hu2[373-382] — S3(↑)[384-395] — Hu1[396-399] — Hu1[406-415] — S1(↑)[419-424] — S2(↓)[437-443] — S0(↑)[458-463] — Hd_480[480-493] — S-1(↓)[507-511] — Hu_512[512-517] — Hd_525[525-528],S5(↑)[245-249] — S6(↑)[283-287] — S4(↑)[329-334] — S3(↑)[384-395] — S1(↑)[419-424] — S2(↓)[437-443] — S0(↑)[458-463] — S-1(↓)[507-511],↑↑↑↑↓↑↑↓,A,high,S0 and S-1 present at C-terminus (C-terminal extension),S5 → S6 → S4 → S3 → S1 → S2 → S0 → S-1,True,True,N/A,True,True
5HR4,pdb,C,NPPF,481-484,Hd_163[163-200] — Hd_259[259-262] — Hd_292[292-310] — Hd_318[318-355] — S5(↑)[359-361] — Hd2[368-388] — Hd2[398-408] — S6(↑)[409-413] — Hd3[416-440] — S7(↑)[455-458] — Hu3[466-474] — S4(↑)[477-480] — Hu2[492-502] — Hu2[508-527] — S3(↑)[532-538] — Hu1[539-556] — S1(↑)[560-569] — S2(↓)[581-588] — S0(↑)[595-599] — S-1(↓)[608-612],S5(↑)[359-361] — S6(↑)[409-413] — S7(↑)[455-458] — S4(↑)[477-480] — S3(↑)[532-538] — S1(↑)[560-569] — S2(↓)[581-588] — S0(↑)[595-599] — S-1(↓)[608-612],↑↑↑↑↑↓↑↑↓,A,high,S0 and S-1 present at C-terminus (C-terminal extension),S5 → S6 → S7 → S4 → S3 → S1 → S2 → S0 → S-1,True,True,42,True,False
5HR4,pdb,J,NPPF,481-484,Hd_163[163-201] — Hd_259[259-262] — Hd_292[292-310] — Hd_318[318-355] — S5(↑)[359-362] — Hd2[368-388] — S6(↑)[409-413] — Hd3[416-441] — S7(↑)[455-458] — Hu3[466-474] — S4(↑)[477-480] — Hu2[492-502] — Hu2[508-525] — S3(↑)[532-538] — Hu1[539-556] — S1(↑)[560-569] — S2(↓)[581-588] — S0(↑)[595-600] — S-1(↓)[607-612],S5(↑)[359-362] — S6(↑)[409-413] — S7(↑)[455-458] — S4(↑)[477-480] — S3(↑)[532-538] — S1(↑)[560-569] — S2(↓)[581-588] — S0(↑)[595-600] — S-1(↓)[607-612],↑↑↑↑↑↓↑↑↓,A,high,S0 and S-1 present at C-terminus (C-terminal extension),S5 → S6 → S7 → S4 → S3 → S1 → S2 → S0 → S-1,True,True,42,True,False
3LKD,pdb,A,NPPY,304-307,Hd_176[176-189] — Hd_203[203-214] — S5(↑)[224-227] — Hd2[236-242] — S6(↑)[250-255] — Hd3[258-277] — S7(↑)[278-282] — S4(↑)[300-303] — Hu2[336-345] — S3(↑)[353-359] — Hu1[361-378] — S1(↑)[382-387] — S2(↓)[400-405] — S0(↑)[414-418] — Hd_434[434-446] — S-1(↓)[454-457] — Hu_459[459-464],S5(↑)[224-227] — S6(↑)[250-255] — S7(↑)[278-282] — S4(↑)[300-303] — S3(↑)[353-359] — S1(↑)[382-387] — S2(↓)[400-405] — S0(↑)[414-418] — S-1(↓)[454-457],↑↑↑↑↑↓↑↑↓,A,high,S0 and S-1 present at C-terminus (C-terminal extension),S5 → S6 → S7 → S4 → S3 → S1 → S2 → S0 → S-1,True,True,23,True,True
3LKD,pdb,B,NPPY,304-307,Hd_175[175-190] — Hd_203[203-214] — S5(↑)[224-227] — Hd2[236-248] — S6(↑)[250-254] — Hd3[258-277] — S7(↑)[278-281] — S4(↑)[300-303] — Hu2[336-345] — S3(↑)[353-359] — Hu1[361-378] — S1(↑)[382-387] — S2(↓)[400-405] — S0(↑)[414-418] — Hd_434[434-446] — S-1(↓)[454-457] — Hu_459[459-464],S5(↑)[224-227] — S6(↑)[250-254] — S7(↑)[278-281] — S4(↑)[300-303] — S3(↑)[353-359] — S1(↑)[382-387] — S2(↓)[400-405] — S0(↑)[414-418] — S-1(↓)[454-457],↑↑↑↑↑↓↑↑↓,A,high,S0 and S-1 present at C-terminus (C-terminal extension),S5 → S6 → S7 → S4 → S3 → S1 → S2 → S0 → S-1,True,True,24,True,True
5YBB,pdb,A,NPPF,279-282,Hd_30[30-57] — Hu_109[109-115] — Hd_175[175-185] — S5(↑)[193-194] — Hd2[204-227] — S6(↑)[230-233] — Hd3[236-249] — S7(↑)[255-258] — S4(↑)[275-278] — Hu2[290-293] — Hu2[301-312] — S3(↑)[319-326] — Hu1[327-346] — S1(↑)[348-355] — S2(↓)[368-375] — S0(↑)[381-386] — Hd_406[406-421] — Hd_427[427-430] — S-1(↓)[435-439] — Hu_440[440-445],S5(↑)[193-194] — S6(↑)[230-233] — S7(↑)[255-258] — S4(↑)[275-278] — S3(↑)[319-326] — S1(↑)[348-355] — S2(↓)[368-375] — S0(↑)[381-386] — S-1(↓)[435-439],↑↑↑↑↑↓↑↑↓,A,high,S0 and S-1 present at C-terminus (C-terminal extension),S5 → S6 → S7 → S4 → S3 → S1 → S2 → S0 → S-1,True,True,22,True,True
5YBB,pdb,B,NPPF,279-282,Hd_175[175-185] — S5(↑)[193-194] — Hd_204[204-227] — Hd_236[236-249] — S4(↑)[275-278] — Hu2[301-312] — S3(↑)[319-326] — Hu1[327-346] — S1(↑)[348-355] — S2(↓)[368-375] — S0(↑)[381-386] — Hd_404[404-421] — S-1(↓)[435-439] — Hu_440[440-445],S5(↑)[193-194] — S4(↑)[275-278] — S3(↑)[319-326] — S1(↑)[348-355] — S2(↓)[368-375] — S0(↑)[381-386] — S-1(↓)[435-439],↑↑↑↓↑↑↓,A,high,S0 and S-1 present at C-terminus (C-terminal extension),S5 → S4 → S3 → S1 → S2 → S0 → S-1,True,True,N/A,True,True
2NP7,pdb,A,NPPY,105-108,Hd_25[25-34] — S5(↑)[42-46] — Hd2[52-61] — S6(↑)[66-71] — S7(↑)[83-87] — S4(↑)[99-104] — Hu2[142-152] — S3(↑)[154-165] — Hu1[166-184] — S1(↑)[186-193] — S2(↓)[203-209] — S0(↑)[215-223] — S-1(↓)[226-235],S5(↑)[42-46] — S6(↑)[66-71] — S7(↑)[83-87] — S4(↑)[99-104] — S3(↑)[154-165] — S1(↑)[186-193] — S2(↓)[203-209] — S0(↑)[215-223] — S-1(↓)[226-235],↑↑↑↑↑↓↑↑↓,A,high,S0 and S-1 present at C-terminus (C-terminal extension),S5 → S6 → S7 → S4 → S3 → S1 → S2 → S0 → S-1,True,True,12,True,False
3UFB,pdb,A,NPPF,309-312,Hd_136[136-145] — Hd_203[203-213] — S5(↑)[221-223] — Hd2[230-240] — Hd2[246-253] — S6(↑)[257-260] — Hd3[264-277] — S7(↑)[283-285] — Hu3[294-301] — S4(↑)[305-308] — Hu2[318-344] — S3(↑)[357-363] — Hu1[364-383] — S1(↑)[385-391] — S2(↓)[405-411] — S0(↑)[418-423] — Hd_441[441-451] — S-1(↓)[460-464] — Hu_465[465-468],S5(↑)[221-223] — S6(↑)[257-260] — S7(↑)[283-285] — S4(↑)[305-308] — S3(↑)[357-363] — S1(↑)[385-391] — S2(↓)[405-411] — S0(↑)[418-423] — S-1(↓)[460-464],↑↑↑↑↑↓↑↑↓,A,high,S0 and S-1 present at C-terminus (C-terminal extension),S5 → S6 → S7 → S4 → S3 → S1 → S2 → S0 → S-1,True,True,23,True,True
7VRU,pdb,B,NPPY,285-288,Hd_184[184-194] — S5(↑)[201-204] — Hd2[211-229] — S6(↑)[231-236] — Hd3[239-252] — S7(↑)[257-261] — S4(↑)[281-284] — Hu2[317-326] — S3(↑)[334-339] — Hu1[342-358] — S1(↑)[362-368] — S2(↓)[380-386] — S0(↑)[396-401] — Hd_417[417-436] — S-1(↓)[437-441] — Hu_442[442-447],S5(↑)[201-204] — S6(↑)[231-236] — S7(↑)[257-261] — S4(↑)[281-284] — S3(↑)[334-339] — S1(↑)[362-368] — S2(↓)[380-386] — S0(↑)[396-401] — S-1(↓)[437-441],↑↑↑↑↑↓↑↑↓,A,high,S0 and S-1 present at C-terminus (C-terminal extension),S5 → S6 → S7 → S4 → S3 → S1 → S2 → S0 → S-1,True,True,21,True,True
7VRU,pdb,A,NPPF,276-279,Hd_175[175-185] — S5(↑)[192-195] — Hd2[202-220] — S6(↑)[222-227] — Hd3[230-242] — S7(↑)[248-252] — S4(↑)[270-275] — Hu2[308-317] — S3(↑)[319-329] — Hu1[332-349] — S1(↑)[353-359] — S2(↓)[371-377] — S0(↑)[387-393] — Hd_408[408-424] — S-1(↓)[435-439] — Hu_440[440-445],S5(↑)[192-195] — S6(↑)[222-227] — S7(↑)[248-252] — S4(↑)[270-275] — S3(↑)[319-329] — S1(↑)[353-359] — S2(↓)[371-377] — S0(↑)[387-393] — S-1(↓)[435-439],↑↑↑↑↑↓↑↑↓,A,high,S0 and S-1 present at C-terminus (C-terminal extension),S5 → S6 → S7 → S4 → S3 → S1 → S2 → S0 → S-1,True,True,21,True,True
7VRU,pdb,C,PS,28-29,S4(↑)[25-26] — S1(↓)[36-37] — S3(↓)[62-65] — S2(↓)[89-91] — Hd_137[137-140],S4(↑)[25-26] — S1(↓)[36-37] — S3(↓)[62-65] — S2(↓)[89-91],↑↓↓↓,Unknown,low,Too few strands (4 < 6) - incomplete catalytic domain,S4 → S1 → S3 → S2,False,False,N/A,False,True
7VRU,pdb,B,NPPY,285-288,Hd_184[184-194] — S5(↑)[201-204] — Hd2[211-229] — S6(↑)[231-236] — Hd3[239-252] — S7(↑)[257-261] — S4(↑)[281-284] — Hu2[317-326] — S3(↑)[334-339] — Hu1[342-358] — S1(↑)[362-368] — S2(↓)[380-386] — S0(↑)[396-401] — Hd_417[417-436] — S-1(↓)[437-441] — Hu_442[442-447],S5(↑)[201-204] — S6(↑)[231-236] — S7(↑)[257-261] — S4(↑)[281-284] — S3(↑)[334-339] — S1(↑)[362-368] — S2(↓)[380-386] — S0(↑)[396-401] — S-1(↓)[437-441],↑↑↑↑↑↓↑↑↓,A,high,S0 and S-1 present at C-terminus (C-terminal extension),S5 → S6 → S7 → S4 → S3 → S1 → S2 → S0 → S-1,True,True,21,True,True
7VRU,pdb,A,NPPF,276-279,Hd_175[175-185] — S5(↑)[192-195] — Hd2[202-220] — S6(↑)[222-227] — Hd3[230-242] — S7(↑)[248-252] — S4(↑)[270-275] — Hu2[308-317] — S3(↑)[319-329] — Hu1[332-349] — S1(↑)[353-359] — S2(↓)[371-377] — S0(↑)[387-393] — Hd_408[408-424] — S-1(↓)[435-439] — Hu_440[440-445],S5(↑)[192-195] — S6(↑)[222-227] — S7(↑)[248-252] — S4(↑)[270-275] — S3(↑)[319-329] — S1(↑)[353-359] — S2(↓)[371-377] — S0(↑)[387-393] — S-1(↓)[435-439],↑↑↑↑↑↓↑↑↓,A,high,S0 and S-1 present at C-terminus (C-terminal extension),S5 → S6 → S7 → S4 → S3 → S1 → S2 → S0 → S-1,True,True,21,True,True
7VRU,pdb,C,PS,28-29,S4(↑)[25-26] — S1(↓)[36-37] — S3(↓)[62-65] — S2(↓)[89-91] — Hd_137[137-140],S4(↑)[25-26] — S1(↓)[36-37] — S3(↓)[62-65] — S2(↓)[89-91],↑↓↓↓,Unknown,low,Too few strands (4 < 6) - incomplete catalytic domain,S4 → S1 → S3 → S2,False,False,N/A,False,True
8FS1,pdb,A,NPPY,165-168,Hd_34[34-45] — S5(↑)[58-60] — Hd2[69-90] — Hd2[98-108] — S6(↑)[110-114] — Hd3[117-128] — S7(↑)[144-147] — S4(↑)[159-164] — Hu2[196-206] — S3(↑)[208-219] — Hu1[229-238] — S1(↑)[240-246] — S2(↓)[260-266] — S0(↑)[274-280] — Hd_293[293-298] — S-1(↓)[302-308],S5(↑)[58-60] — S6(↑)[110-114] — S7(↑)[144-147] — S4(↑)[159-164] — S3(↑)[208-219] — S1(↑)[240-246] — S2(↓)[260-266] — S0(↑)[274-280] — S-1(↓)[302-308],↑↑↑↑↑↓↑↑↓,A,high,S0 and S-1 present at C-terminus (C-terminal extension),S5 → S6 → S7 → S4 → S3 → S1 → S2 → S0 → S-1,True,True,30,True,False
8FS1,pdb,B,NPPY,165-168,Hd_34[34-45] — S5(↑)[58-60] — Hd2[67-90] — Hd2[98-108] — S6(↑)[110-114] — Hd3[117-128] — S7(↑)[144-147] — S4(↑)[159-164] — Hu2[196-206] — S3(↑)[208-219] — Hu1[229-238] — S1(↑)[240-246] — S2(↓)[260-266] — S0(↑)[274-280] — Hd_293[293-298] — S-1(↓)[302-308],S5(↑)[58-60] — S6(↑)[110-114] — S7(↑)[144-147] — S4(↑)[159-164] — S3(↑)[208-219] — S1(↑)[240-246] — S2(↓)[260-266] — S0(↑)[274-280] — S-1(↓)[302-308],↑↑↑↑↑↓↑↑↓,A,high,S0 and S-1 present at C-terminus (C-terminal extension),S5 → S6 → S7 → S4 → S3 → S1 → S2 → S0 → S-1,True,True,30,True,False
8FS1,pdb,C,NPPY,165-168,Hd_34[34-45] — S5(↑)[58-60] — Hd2[67-90] — Hd2[98-108] — S6(↑)[110-114] — Hd3[117-128] — S7(↑)[144-147] — S4(↑)[159-164] — Hu2[196-206] — S3(↑)[208-219] — Hu1[229-238] — S1(↑)[240-246] — S2(↓)[260-266] — S0(↑)[274-280] — Hd_287[287-297] — S-1(↓)[302-308],S5(↑)[58-60] — S6(↑)[110-114] — S7(↑)[144-147] — S4(↑)[159-164] — S3(↑)[208-219] — S1(↑)[240-246] — S2(↓)[260-266] — S0(↑)[274-280] — S-1(↓)[302-308],↑↑↑↑↑↓↑↑↓,A,high,S0 and S-1 present at C-terminus (C-terminal extension),S5 → S6 → S7 → S4 → S3 → S1 → S2 → S0 → S-1,True,True,30,True,False
8C45,pdb,A,NPPY,509-512,Hu_60[60-100] — Hu_239[239-242] — Hd_249[249-267] — Hd_273[273-276] — S5(↑)[309-311] — Hd2[318-334] — Hd2[341-348] — S6(↑)[350-354] — Hd3[357-372] — S7(↑)[386-389] — Hu3[434-500] — S4(↑)[503-508] — Hu2[520-546] — S3(↑)[549-560] — Hu1[562-579] — S1(↑)[581-590] — S2(↓)[602-609] — S0(↑)[619-622] — Hd_628[628-636] — S-1(↓)[641-642] — Hu_649[649-652],S5(↑)[309-311] — S6(↑)[350-354] — S7(↑)[386-389] — S4(↑)[503-508] — S3(↑)[549-560] — S1(↑)[581-590] — S2(↓)[602-609] — S0(↑)[619-622] — S-1(↓)[641-642],↑↑↑↑↑↓↑↑↓,A,high,S0 and S-1 present at C-terminus (C-terminal extension),S5 → S6 → S7 → S4 → S3 → S1 → S2 → S0 → S-1,True,True,32,True,True
8C45,pdb,B,NPPY,509-512,Hu_249[249-267] — S5(↑)[309-311] — Hu2[318-333] — Hu2[341-348] — S6(↑)[350-354] — Hu3[357-374] — S7(↑)[387-389] — Hd3[447-500] — S4(↑)[503-508] — S3(↑)[549-560] — S1(↑)[581-589] — S2(↓)[603-609] — S0(↑)[619-622] — S-1(↓)[641-642],S5(↑)[309-311] — S6(↑)[350-354] — S7(↑)[387-389] — S4(↑)[503-508] — S3(↑)[549-560] — S1(↑)[581-589] — S2(↓)[603-609] — S0(↑)[619-622] — S-1(↓)[641-642],↑↑↑↑↑↓↑↑↓,A,high,S0 and S-1 present at C-terminus (C-terminal extension),S5 → S6 → S7 → S4 → S3 → S1 → S2 → S0 → S-1,True,True,33,False,False
7QW8,pdb,A,NPPY,133-136,Hd_25[25-36] — S5(↑)[44-49] — Hd2[56-67] — S6(↑)[71-78] — Hd3[81-93] — S7(↑)[99-103] — Hu3[106-109] — S4(↑)[127-132] — Hu2[162-173] — S3(↑)[174-185] — Hu1[186-204] — S1(↑)[205-212] — S2(↓)[225-232] — S0(↑)[246-253] — Hd_270[270-274] — S-2(↑)[279-282] — S-1(↓)[287-294],S5(↑)[44-49] — S6(↑)[71-78] — S7(↑)[99-103] — S4(↑)[127-132] — S3(↑)[174-185] — S1(↑)[205-212] — S2(↓)[225-232] — S0(↑)[246-253] — S-2(↑)[279-282] — S-1(↓)[287-294],↑↑↑↑↑↓↑↑↓↑,A,high,S0 and S-1 present at C-terminus (C-terminal extension),S5 → S6 → S7 → S4 → S3 → S1 → S2 → S0 → S-2 → S-1,True,True,21,True,False
7QW8,pdb,B,NPPY,133-136,Hd_23[23-36] — S5(↑)[45-49] — Hd2[56-67] — S6(↑)[72-78] — Hd3[81-93] — S7(↑)[99-103] — Hu3[106-110] — S4(↑)[127-132] — Hu2[162-173] — S3(↑)[174-185] — Hu1[186-204] — S1(↑)[205-212] — S2(↓)[225-232] — S0(↑)[246-253] — S-3(↓)[262-263] — Hd_270[270-274] — S-2(↑)[279-283] — S-1(↓)[286-294],S5(↑)[45-49] — S6(↑)[72-78] — S7(↑)[99-103] — S4(↑)[127-132] — S3(↑)[174-185] — S1(↑)[205-212] — S2(↓)[225-232] — S0(↑)[246-253] — S-3(↓)[262-263] — S-2(↑)[279-283] — S-1(↓)[286-294],↑↑↑↑↑↓↑↑↓↑↓,A,high,S0 and S-1 present at C-terminus (C-terminal extension),S5 → S6 → S7 → S4 → S3 → S1 → S2 → S0 → S-3 → S-2 → S-1,True,True,21,True,False
6PBD,pdb,A,DPPY,31-34,S7(↑)[6-10] — Hu3[13-19] — S4(↑)[25-30] — Hu2[56-80] — S3(↑)[81-91] — Hu1[96-105] — S1(↑)[109-118] — S2(↓)[134-141] — S0(↑)[168-171] — Hd1[195-205] — S5(↑)[211-214] — Hd2[221-228] — S6(↑)[232-237] — Hd_240[240-251],S7(↑)[6-10] — S4(↑)[25-30] — S3(↑)[81-91] — S1(↑)[109-118] — S2(↓)[134-141] — S0(↑)[168-171] — S5(↑)[211-214] — S6(↑)[232-237],↑↑↑↑↑↓↑↑,B,high,"Permuted order: S7 at position 0, S5/S6 at C-terminus",S7 → S4 → S3 → S1 → S2 → S0 → S5 → S6,True,False,N/A (permuted),False,True
6PBD,pdb,B,DPPY,31-34,S7(↑)[6-10] — Hu3[13-19] — S4(↑)[25-30] — Hu2[63-80] — S3(↑)[81-91] — Hu1[96-105] — S1(↑)[109-118] — S2(↓)[134-141] — Hd1[153-159] — S0(↑)[168-171] — Hd1[195-205] — S5(↑)[211-214] — Hd2[221-228] — S6(↑)[232-237] — Hd_240[240-251],S7(↑)[6-10] — S4(↑)[25-30] — S3(↑)[81-91] — S1(↑)[109-118] — S2(↓)[134-141] — S0(↑)[168-171] — S5(↑)[211-214] — S6(↑)[232-237],↑↑↑↑↑↓↑↑,B,high,"Permuted order: S7 at position 0, S5/S6 at C-terminus",S7 → S4 → S3 → S1 → S2 → S0 → S5 → S6,True,False,N/A (permuted),False,True
4ZCF,pdb,A,DPPY,123-126,S9(↓)[76-80] — Hu_82[82-86] — S7(↑)[96-99] — Hu3[102-113] — S4(↑)[117-122] — Hu2[171-188] — S3(↑)[189-199] — Hu1[204-219] — S1(↑)[220-227] — S2(↓)[241-248] — S0(↑)[391-393] — Hd1[420-430] — S5(↑)[434-439] — Hd2[446-455] — S6(↑)[461-468] — Hd_480[480-500] — S8(↑)[508-514] — Hu_539[539-552],S9(↓)[76-80] — S7(↑)[96-99] — S4(↑)[117-122] — S3(↑)[189-199] — S1(↑)[220-227] — S2(↓)[241-248] — S0(↑)[391-393] — S5(↑)[434-439] — S6(↑)[461-468] — S8(↑)[508-514],↓↑↑↑↑↑↑↓↑↑,B,high,"Permuted order: S7 at position 1, S5/S6 at C-terminus",S9 → S7 → S4 → S3 → S1 → S2 → S0 → S5 → S6 → S8,True,False,N/A (permuted),False,True
4ZCF,pdb,B,DPPY,123-126,S9(↓)[77-80] — S7(↑)[96-99] — Hu3[102-113] — S4(↑)[117-122] — Hu2[171-188] — S3(↑)[189-199] — Hu1[204-219] — S1(↑)[220-227] — S2(↓)[241-248] — S0(↑)[391-393] — Hd1[420-430] — S5(↑)[434-439] — Hd2[446-458] — S6(↑)[461-468] — Hd_487[487-500] — S8(↑)[508-513] — Hu_539[539-552],S9(↓)[77-80] — S7(↑)[96-99] — S4(↑)[117-122] — S3(↑)[189-199] — S1(↑)[220-227] — S2(↓)[241-248] — S0(↑)[391-393] — S5(↑)[434-439] — S6(↑)[461-468] — S8(↑)[508-513],↓↑↑↑↑↑↑↓↑↑,B,high,"Permuted order: S7 at position 1, S5/S6 at C-terminus",S9 → S7 → S4 → S3 → S1 → S2 → S0 → S5 → S6 → S8,True,False,N/A (permuted),False,True
5HEK,pdb,A,DPPY,29-32,S7(↑)[2-6] — Hu3[9-18] — S4(↑)[23-28] — Hu2[64-72] — S3(↑)[73-83] — Hu1[88-95] — S1(↑)[100-109] — S2(↓)[126-134] — Hd1[174-184] — S5(↑)[191-193] — Hd2[201-207] — S6(↑)[212-216] — Hd_219[219-228],S7(↑)[2-6] — S4(↑)[23-28] — S3(↑)[73-83] — S1(↑)[100-109] — S2(↓)[126-134] — S5(↑)[191-193] — S6(↑)[212-216],↑↑↑↑↑↓↑,B,high,"Permuted order: S7 at position 0, S5/S6 at C-terminus",S7 → S4 → S3 → S1 → S2 → S5 → S6,False,False,N/A (permuted),False,True
6K0W,pdb,B,DPPY,104-107,S9(↑)[56-64] — S7(↑)[77-80] — Hu3[83-94] — S4(↑)[98-103] — Hu2[148-177] — S3(↑)[178-188] — Hu1[193-208] — S1(↑)[209-216] — S2(↓)[232-239] — Hd1[353-370] — Hd1[383-393] — S5(↑)[401-404] — Hd2[411-423] — S6(↑)[428-433] — Hd_459[459-477] — S8(↑)[487-494] — Hu_515[515-524],S9(↑)[56-64] — S7(↑)[77-80] — S4(↑)[98-103] — S3(↑)[178-188] — S1(↑)[209-216] — S2(↓)[232-239] — S5(↑)[401-404] — S6(↑)[428-433] — S8(↑)[487-494],↑↑↑↑↑↑↑↓↑,B,high,"Permuted order: S7 at position 1, S5/S6 at C-terminus",S9 → S7 → S4 → S3 → S1 → S2 → S5 → S6 → S8,False,False,N/A (permuted),False,True
6K0W,pdb,A,DPPY,104-107,S9(↑)[57-64] — S7(↑)[77-80] — Hu3[83-94] — S4(↑)[98-103] — S3(↑)[178-188] — Hu1[193-208] — S1(↑)[209-216] — S2(↓)[232-239] — Hd1[353-370] — Hd1[383-393] — S5(↑)[401-404] — Hd2[411-423] — S6(↑)[428-433] — Hd_459[459-477] — S8(↑)[487-493] — Hu_515[515-525],S9(↑)[57-64] — S7(↑)[77-80] — S4(↑)[98-103] — S3(↑)[178-188] — S1(↑)[209-216] — S2(↓)[232-239] — S5(↑)[401-404] — S6(↑)[428-433] — S8(↑)[487-493],↑↑↑↑↑↑↑↓↑,B,high,"Permuted order: S7 at position 1, S5/S6 at C-terminus",S9 → S7 → S4 → S3 → S1 → S2 → S5 → S6 → S8,False,False,N/A (permuted),False,True
6K0W,pdb,C,DPPY,104-107,S9(↑)[57-64] — S7(↑)[77-80] — Hu3[83-94] — S4(↑)[98-103] — Hu2[160-177] — S3(↑)[178-188] — Hu1[193-208] — S1(↑)[209-216] — S2(↓)[232-239] — Hd1[353-369] — Hd1[383-393] — S5(↑)[401-404] — Hd2[411-423] — S6(↑)[428-433] — Hd_459[459-477] — S8(↑)[487-493] — Hu_515[515-525],S9(↑)[57-64] — S7(↑)[77-80] — S4(↑)[98-103] — S3(↑)[178-188] — S1(↑)[209-216] — S2(↓)[232-239] — S5(↑)[401-404] — S6(↑)[428-433] — S8(↑)[487-493],↑↑↑↑↑↑↑↓↑,B,high,"Permuted order: S7 at position 1, S5/S6 at C-terminus",S9 → S7 → S4 → S3 → S1 → S2 → S5 → S6 → S8,False,False,N/A (permuted),False,True
6K0W,pdb,D,DPPY,104-107,S9(↑)[57-64] — S7(↑)[77-80] — Hu3[83-94] — S4(↑)[98-103] — Hu2[160-177] — S3(↑)[178-188] — Hd1[193-244] — S1(↑)[209-216] — S2(↓)[232-239] — Hd1[353-370] — Hd1[383-393] — S5(↑)[401-404] — Hd2[411-423] — S6(↑)[428-433] — Hd_459[459-477] — S8(↑)[487-493] — Hu_515[515-525],S9(↑)[57-64] — S7(↑)[77-80] — S4(↑)[98-103] — S3(↑)[178-188] — S1(↑)[209-216] — S2(↓)[232-239] — S5(↑)[401-404] — S6(↑)[428-433] — S8(↑)[487-493],↑↑↑↑↑↑↑↓↑,B,high,"Permuted order: S7 at position 1, S5/S6 at C-terminus",S9 → S7 → S4 → S3 → S1 → S2 → S5 → S6 → S8,False,False,N/A (permuted),False,True
1G60,pdb,A,DPPY,30-33,S7(↑)[7-9] — Hu3[12-18] — S4(↑)[24-29] — Hu2[39-63] — S3(↑)[64-74] — Hu1[76-88] — S1(↑)[92-99] — S2(↓)[117-123] — S0(↓)[172-173] — Hd1[199-209] — S5(↑)[215-218] — Hd2[225-232] — S6(↑)[236-241] — Hd_244[244-255],S7(↑)[7-9] — S4(↑)[24-29] — S3(↑)[64-74] — S1(↑)[92-99] — S2(↓)[117-123] — S0(↓)[172-173] — S5(↑)[215-218] — S6(↑)[236-241],↑↑↑↑↑↓↑↓,B,high,"Permuted order: S7 at position 0, S5/S6 at C-terminus",S7 → S4 → S3 → S1 → S2 → S0 → S5 → S6,True,False,N/A (permuted),False,True
1G60,pdb,B,DPPY,30-33,S7(↑)[7-9] — Hu3[12-18] — S4(↑)[24-29] — Hu2[39-63] — S3(↑)[64-74] — Hu1[76-88] — S1(↑)[92-99] — S2(↓)[117-123] — S0(↓)[172-173] — Hd1[199-209] — S5(↑)[215-218] — Hd2[225-232] — S6(↑)[236-241] — Hd_244[244-255],S7(↑)[7-9] — S4(↑)[24-29] — S3(↑)[64-74] — S1(↑)[92-99] — S2(↓)[117-123] — S0(↓)[172-173] — S5(↑)[215-218] — S6(↑)[236-241],↑↑↑↑↑↓↑↓,B,high,"Permuted order: S7 at position 0, S5/S6 at C-terminus",S7 → S4 → S3 → S1 → S2 → S0 → S5 → S6,True,False,N/A (permuted),False,True
7DSU,pdb,A,DPPY,123-126,S9(↓)[70-76] — S7(↑)[92-95] — Hu3[98-110] — S4(↑)[117-122] — Hu2[160-173] — S3(↑)[175-185] — Hu1[190-205] — S1(↑)[206-212] — S2(↓)[230-236] — Hd1[247-253] — Hd1[381-392] — Hd1[403-410] — S5(↑)[419-422] — Hd2[429-441] — S6(↑)[446-451] — Hd_457[457-471] — S8(↑)[495-503] — Hu_510[510-526],S9(↓)[70-76] — S7(↑)[92-95] — S4(↑)[117-122] — S3(↑)[175-185] — S1(↑)[206-212] — S2(↓)[230-236] — S5(↑)[419-422] — S6(↑)[446-451] — S8(↑)[495-503],↓↑↑↑↑↑↑↓↑,B,high,"Permuted order: S7 at position 1, S5/S6 at C-terminus",S9 → S7 → S4 → S3 → S1 → S2 → S5 → S6 → S8,False,False,N/A (permuted),False,True
7DSU,pdb,B,DPPY,123-126,S9(↓)[71-76] — S7(↑)[90-95] — Hu3[98-111] — S4(↑)[117-122] — Hu2[156-174] — S3(↑)[175-185] — Hu1[190-205] — S1(↑)[206-212] — S2(↓)[230-236] — Hd1[377-392] — Hd1[403-411] — S5(↑)[419-422] — Hd2[429-441] — S6(↑)[446-451] — Hd_454[454-471] — S8(↑)[493-502] — Hu_516[516-526],S9(↓)[71-76] — S7(↑)[90-95] — S4(↑)[117-122] — S3(↑)[175-185] — S1(↑)[206-212] — S2(↓)[230-236] — S5(↑)[419-422] — S6(↑)[446-451] — S8(↑)[493-502],↓↑↑↑↑↑↑↓↑,B,high,"Permuted order: S7 at position 1, S5/S6 at C-terminus",S9 → S7 → S4 → S3 → S1 → S2 → S5 → S6 → S8,False,False,N/A (permuted),False,True
1BOO,pdb,A,SPPF,53-56,S8(↓)[23-24] — S7(↑)[28-32] — Hu3[35-41] — S4(↑)[47-52] — Hu2[68-86] — S3(↑)[87-97] — Hu1[111-123] — S1(↑)[126-134] — S2(↓)[157-164] — S0(↑)[222-224] — Hd1[253-262] — S5(↑)[268-271] — Hd2[278-285] — S6(↑)[289-294] — Hd_297[297-307] — Hu_314[314-325] — S9(↓)[330-331],S8(↓)[23-24] — S7(↑)[28-32] — S4(↑)[47-52] — S3(↑)[87-97] — S1(↑)[126-134] — S2(↓)[157-164] — S0(↑)[222-224] — S5(↑)[268-271] — S6(↑)[289-294] — S9(↓)[330-331],↓↓↑↑↑↑↑↓↑↑,B,high,"Permuted order: S7 at position 1, S5/S6 at C-terminus",S8 → S7 → S4 → S3 → S1 → S2 → S0 → S5 → S6 → S9,True,False,N/A (permuted),False,False
1EG2,pdb,A,DPPY,65-68,S7(↑)[38-44] — Hu3[47-52] — S4(↑)[59-64] — Hu2[72-95] — S3(↑)[96-106] — Hu1[119-129] — S1(↑)[133-141] — S2(↓)[156-163] — S0(↑)[207-209] — Hd1[229-239] — S5(↑)[245-248] — Hd2[255-263] — S6(↑)[266-271] — Hd_275[275-286] — S8(↑)[299-303] — Hu_305[305-312],S7(↑)[38-44] — S4(↑)[59-64] — S3(↑)[96-106] — S1(↑)[133-141] — S2(↓)[156-163] — S0(↑)[207-209] — S5(↑)[245-248] — S6(↑)[266-271] — S8(↑)[299-303],↑↑↑↑↑↑↓↑↑,B,high,"Permuted order: S7 at position 0, S5/S6 at C-terminus",S7 → S4 → S3 → S1 → S2 → S0 → S5 → S6 → S8,True,False,N/A (permuted),False,True
2ZIG,pdb,A,SPPY,47-50,S7(↑)[22-26] — Hu3[29-33] — S4(↑)[41-46] — Hu2[64-86] — S3(↑)[87-97] — Hu1[115-125] — S1(↑)[129-137] — S2(↓)[167-174] — Hd1[184-200] — S0(↑)[204-205] — Hd1[222-232] — S5(↑)[238-241] — Hd2[248-255] — S6(↑)[259-264] — Hd_267[267-280] — S8(↓)[286-289],S7(↑)[22-26] — S4(↑)[41-46] — S3(↑)[87-97] — S1(↑)[129-137] — S2(↓)[167-174] — S0(↑)[204-205] — S5(↑)[238-241] — S6(↑)[259-264] — S8(↓)[286-289],↓↑↑↑↑↑↓↑↑,B,high,"Permuted order: S7 at position 0, S5/S6 at C-terminus",S7 → S4 → S3 → S1 → S2 → S0 → S5 → S6 → S8,True,False,N/A (permuted),False,False
2ZIG,pdb,B,SPPY,47-50,S7(↑)[22-26] — Hu3[29-34] — S4(↑)[41-46] — Hu2[66-86] — S3(↑)[87-97] — Hu1[115-125] — S1(↑)[129-137] — S2(↓)[167-174] — Hd1[184-200] — S0(↑)[204-205] — Hd1[222-232] — S5(↑)[238-241] — Hd2[248-255] — S6(↑)[259-264] — Hd_267[267-280] — S8(↓)[286-289],S7(↑)[22-26] — S4(↑)[41-46] — S3(↑)[87-97] — S1(↑)[129-137] — S2(↓)[167-174] — S0(↑)[204-205] — S5(↑)[238-241] — S6(↑)[259-264] — S8(↓)[286-289],↓↑↑↑↑↑↓↑↑,B,high,"Permuted order: S7 at position 0, S5/S6 at C-terminus",S7 → S4 → S3 → S1 → S2 → S0 → S5 → S6 → S8,True,False,N/A (permuted),False,False
9C3T,pdb,A,DPPY,59-62,S7(↑)[34-37] — Hu3[41-44] — S4(↑)[53-58] — Hu2[77-94] — S3(↑)[95-105] — Hu1[110-117] — S1(↑)[122-130] — S2(↓)[147-154] — S0(↑)[198-200] — Hd1[220-230] — S5(↑)[236-239] — Hd2[246-252] — S6(↑)[257-261] — Hd_265[265-275],S7(↑)[34-37] — S4(↑)[53-58] — S3(↑)[95-105] — S1(↑)[122-130] — S2(↓)[147-154] — S0(↑)[198-200] — S5(↑)[236-239] — S6(↑)[257-261],↑↑↑↑↑↓↑↑,B,high,"Permuted order: S7 at position 0, S5/S6 at C-terminus",S7 → S4 → S3 → S1 → S2 → S0 → S5 → S6,True,False,N/A (permuted),False,True
9C3T,pdb,B,DPPY,59-62,S7(↑)[34-37] — S4(↑)[53-58] — Hu2[72-94] — S3(↑)[95-105] — Hu1[110-117] — S1(↑)[122-130] — S2(↓)[147-154] — S0(↑)[198-200] — Hd1[220-230] — S5(↑)[236-239] — Hd2[246-254] — S6(↑)[257-261] — Hd_265[265-276],S7(↑)[34-37] — S4(↑)[53-58] — S3(↑)[95-105] — S1(↑)[122-130] — S2(↓)[147-154] — S0(↑)[198-200] — S5(↑)[236-239] — S6(↑)[257-261],↑↑↑↑↑↓↑↑,B,high,"Permuted order: S7 at position 0, S5/S6 at C-terminus",S7 → S4 → S3 → S1 → S2 → S0 → S5 → S6,True,False,N/A (permuted),False,True
9C3T,pdb,C,DPPY,59-62,S7(↑)[34-37] — Hu3[41-44] — S4(↑)[53-58] — Hu2[77-94] — S3(↑)[95-105] — Hu1[110-118] — S1(↑)[122-130] — S2(↓)[147-154] — S0(↑)[198-200] — Hd1[220-230] — S5(↑)[236-239] — Hd2[246-254] — S6(↑)[257-261] — Hd_265[265-276],S7(↑)[34-37] — S4(↑)[53-58] — S3(↑)[95-105] — S1(↑)[122-130] — S2(↓)[147-154] — S0(↑)[198-200] — S5(↑)[236-239] — S6(↑)[257-261],↑↑↑↑↑↓↑↑,B,high,"Permuted order: S7 at position 0, S5/S6 at C-terminus",S7 → S4 → S3 → S1 → S2 → S0 → S5 → S6,True,False,N/A (permuted),False,True
9C3T,pdb,D,DPPY,59-62,S7(↑)[36-38] — Hu3[41-44] — S4(↑)[53-58] — Hu2[72-94] — S3(↑)[95-105] — Hu1[110-118] — S1(↑)[122-130] — S2(↓)[147-154] — S0(↑)[198-200] — Hd1[220-230] — S5(↑)[236-239] — Hd2[246-253] — S6(↑)[257-262] — Hd_265[265-275],S7(↑)[36-38] — S4(↑)[53-58] — S3(↑)[95-105] — S1(↑)[122-130] — S2(↓)[147-154] — S0(↑)[198-200] — S5(↑)[236-239] — S6(↑)[257-262],↑↑↑↑↑↓↑↑,B,high,"Permuted order: S7 at position 0, S5/S6 at C-terminus",S7 → S4 → S3 → S1 → S2 → S0 → S5 → S6,True,False,N/A (permuted),False,True
3G7U,pdb,A,PC,78-79,S5(↑)[2-6] — Hd2[12-20] — S6(↑)[23-28] — Hd3[32-41] — S7(↑)[46-48] — Hu3[52-64] — S4(↑)[72-75] — Hu2[92-108] — S3(↑)[112-117] — Hu1[124-138] — S1(↑)[147-150] — Hd_151[151-154] — S2(↓)[161-169] — Hd_338[338-365],S5(↑)[2-6] — S6(↑)[23-28] — S7(↑)[46-48] — S4(↑)[72-75] — S3(↑)[112-117] — S1(↑)[147-150] — S2(↓)[161-169],↑↑↑↑↑↓↑,C,high,"Small gap S6-S7 (18 aa), C-helix present",S5 → S6 → S7 → S4 → S3 → S1 → S2,False,False,18,False,True
3UBT,pdb,Y,PS,70-71,S5(↑)[2-6] — Hd2[12-19] — S6(↑)[23-29] — Hd3[35-41] — S7(↑)[45-48] — Hu3[51-58] — S4(↑)[64-66] — Hu2[86-101] — S3(↑)[105-110] — Hu1[113-133] — S1(↑)[135-143] — S2(↓)[154-162] — Hd_297[297-326],S5(↑)[2-6] — S6(↑)[23-29] — S7(↑)[45-48] — S4(↑)[64-66] — S3(↑)[105-110] — S1(↑)[135-143] — S2(↓)[154-162],↑↑↑↑↑↓↑,C,high,"Small gap S6-S7 (16 aa), C-helix present",S5 → S6 → S7 → S4 → S3 → S1 → S2,False,False,16,False,True
3UBT,pdb,A,PS,70-71,S5(↑)[2-6] — Hd2[12-19] — S6(↑)[23-29] — Hd3[35-41] — S7(↑)[45-48] — S4(↑)[64-66] — Hu2[86-101] — S3(↑)[105-110] — Hu1[113-133] — S1(↑)[135-143] — S2(↓)[154-162] — Hd_297[297-326],S5(↑)[2-6] — S6(↑)[23-29] — S7(↑)[45-48] — S4(↑)[64-66] — S3(↑)[105-110] — S1(↑)[135-143] — S2(↓)[154-162],↑↑↑↑↑↓↑,C,high,"Small gap S6-S7 (16 aa), C-helix present",S5 → S6 → S7 → S4 → S3 → S1 → S2,False,False,16,False,True
3UBT,pdb,B,PS,70-71,S5(↑)[2-6] — Hd2[12-19] — S6(↑)[23-28] — Hd3[35-41] — S7(↑)[45-47] — S4(↑)[64-66] — Hu2[86-101] — S3(↑)[105-110] — Hu1[113-133] — S1(↑)[135-143] — S2(↓)[154-162] — Hd_297[297-327],S5(↑)[2-6] — S6(↑)[23-28] — S7(↑)[45-47] — S4(↑)[64-66] — S3(↑)[105-110] — S1(↑)[135-143] — S2(↓)[154-162],↑↑↑↑↑↓↑,C,high,"Small gap S6-S7 (17 aa), C-helix present",S5 → S6 → S7 → S4 → S3 → S1 → S2,False,False,17,False,True
5CIY,pdb,A,PC,80-81,S5(↑)[13-17] — Hd2[23-30] — S6(↑)[34-39] — Hd_43[43-53] — Hu_61[61-68] — S4(↑)[74-78] — Hu2[92-111] — S3(↑)[115-121] — Hu1[122-142] — S1(↑)[148-153] — S2(↓)[164-171] — Hd_295[295-323],S5(↑)[13-17] — S6(↑)[34-39] — S4(↑)[74-78] — S3(↑)[115-121] — S1(↑)[148-153] — S2(↓)[164-171],↑↑↑↑↓↑,C,high,"Reduced beta-sheet, C-helix present",S5 → S6 → S4 → S3 → S1 → S2,False,False,N/A,False,True
4DKJ,pdb,A,PC,134-135,S5(↑)[9-16] — Hd2[22-34] — S6(↑)[36-44] — Hd_48[48-58] — S4(↑)[128-131] — Hu2[149-176] — S3(↑)[180-186] — Hu1[187-207] — S1(↑)[210-218] — S2(↓)[229-237] — Hu_238[238-244] — Hd_365[365-386],S5(↑)[9-16] — S6(↑)[36-44] — S4(↑)[128-131] — S3(↑)[180-186] — S1(↑)[210-218] — S2(↓)[229-237],↑↑↑↑↓↑,C,high,"Reduced beta-sheet, C-helix present",S5 → S6 → S4 → S3 → S1 → S2,False,False,N/A,False,True
3ME5,pdb,A,PC,176-177,S5(↑)[87-92] — Hd2[98-104] — S6(↑)[108-114] — Hd3[118-127] — S7(↑)[137-138] — Hu3[142-145] — Hu3[154-164] — S4(↑)[170-174] — Hu2[205-216] — S3(↑)[220-226] — Hu1[232-247] — S1(↑)[265-267] — S2(↓)[277-285] — Hd_296[296-302] — Hd_404[404-411] — Hd_427[427-464],S5(↑)[87-92] — S6(↑)[108-114] — S7(↑)[137-138] — S4(↑)[170-174] — S3(↑)[220-226] — S1(↑)[265-267] — S2(↓)[277-285],↑↑↑↑↑↓↑,C,high,"Small gap S6-S7 (23 aa), C-helix present",S5 → S6 → S7 → S4 → S3 → S1 → S2,False,False,23,False,True
7M6B,pdb,B,DPPY,179-182,Hd_13[13-22] — S5(↑)[29-32] — Hd2[39-47] — S6(↑)[52-57] — Hd3[60-98] — Hd3[105-118] — S7(↑)[157-160] — Hu3[164-168] — S4(↑)[174-178] — Hu2[203-211] — S3(↑)[216-222] — Hu1[225-230] — S1(↑)[235-237] — S2(↓)[258-262],S5(↑)[29-32] — S6(↑)[52-57] — S7(↑)[157-160] — S4(↑)[174-178] — S3(↑)[216-222] — S1(↑)[235-237] — S2(↓)[258-262],↑↑↑↑↑↓↑,D,high,Large gap S6-S7 (100 aa) - TRD insertion between Hd3 and S7,S5 → S6 → S7 → S4 → S3 → S1 → S2,False,False,100,True,False
7M6B,pdb,A,DPPY,179-182,Hd_13[13-22] — S5(↑)[29-32] — Hd2[39-47] — S6(↑)[52-57] — Hd3[60-99] — Hd3[105-118] — S7(↑)[157-160] — Hu3[164-168] — S4(↑)[174-178] — Hu2[203-211] — S3(↑)[216-222] — Hu1[225-230] — S1(↑)[235-242] — S2(↓)[255-262],S5(↑)[29-32] — S6(↑)[52-57] — S7(↑)[157-160] — S4(↑)[174-178] — S3(↑)[216-222] — S1(↑)[235-242] — S2(↓)[255-262],↑↑↑↑↑↓↑,D,high,Large gap S6-S7 (100 aa) - TRD insertion between Hd3 and S7,S5 → S6 → S7 → S4 → S3 → S1 → S2,False,False,100,True,False
2DPM,pdb,A,DPPY,194-197,Hd_22[22-31] — S5(↑)[39-41] — Hd2[48-53] — S6(↑)[57-62] — Hd3[156-168] — S7(↑)[170-175] — Hu3[178-182] — S4(↑)[190-193] — Hu2[216-230] — S3(↑)[235-241] — Hu1[244-249] — S1(↑)[254-258] — S2(↓)[276-280],S5(↑)[39-41] — S6(↑)[57-62] — S7(↑)[170-175] — S4(↑)[190-193] — S3(↑)[235-241] — S1(↑)[254-258] — S2(↓)[276-280],↑↑↑↑↑↓↑,D,high,Large gap S6-S7 (108 aa) - TRD insertion between Hd3 and S7,S5 → S6 → S7 → S4 → S3 → S1 → S2,False,False,108,True,False
2G1P,pdb,A,DPPY,181-184,Hd_15[15-24] — S5(↑)[30-33] — Hd2[40-43] — S6(↑)[49-54] — Hd3[57-121] — Hd3[145-157] — S7(↑)[158-162] — Hu3[165-169] — S4(↑)[176-180] — Hu2[203-218] — S3(↑)[223-228] — Hu1[231-236] — S1(↑)[241-245] — S2(↓)[263-268],S5(↑)[30-33] — S6(↑)[49-54] — S7(↑)[158-162] — S4(↑)[176-180] — S3(↑)[223-228] — S1(↑)[241-245] — S2(↓)[263-268],↑↑↑↑↑↓↑,D,high,Large gap S6-S7 (104 aa) - TRD insertion between Hd3 and S7,S5 → S6 → S7 → S4 → S3 → S1 → S2,False,False,104,True,False
2G1P,pdb,B,DPPY,181-184,Hd_15[15-24] — S5(↑)[30-33] — Hd2[40-43] — S6(↑)[49-54] — Hd3[57-121] — Hd3[145-157] — S7(↑)[158-162] — Hu3[165-169] — S4(↑)[176-180] — Hu2[203-218] — S3(↑)[223-228] — Hu1[231-236] — S1(↑)[241-245] — S2(↓)[263-268],S5(↑)[30-33] — S6(↑)[49-54] — S7(↑)[158-162] — S4(↑)[176-180] — S3(↑)[223-228] — S1(↑)[241-245] — S2(↓)[263-268],↑↑↑↑↑↓↑,D,high,Large gap S6-S7 (104 aa) - TRD insertion between Hd3 and S7,S5 → S6 → S7 → S4 → S3 → S1 → S2,False,False,104,True,False
1Q0S,pdb,A,DPPY,171-174,Hd_15[15-19] — S5(↑)[27-30] — S6(↑)[46-49] — Hd3[53-76] — Hd3[134-146] — S7(↑)[150-153] — S4(↑)[166-170] — Hu2[180-203] — S3(↑)[207-211] — Hu1[222-227] — S1(↑)[231-234] — S2(↓)[255-258],S5(↑)[27-30] — S6(↑)[46-49] — S7(↑)[150-153] — S4(↑)[166-170] — S3(↑)[207-211] — S1(↑)[231-234] — S2(↓)[255-258],↑↑↑↑↑↓↑,D,high,Large gap S6-S7 (101 aa) - TRD insertion between Hd3 and S7,S5 → S6 → S7 → S4 → S3 → S1 → S2,False,False,101,True,False
A0A072TD07,alphafold,A,NPPY,134-137,Hu_2[2-17] — Hd_23[23-32] — S5(↑)[42-44] — Hd2[51-62] — S6(↑)[74-77] — Hd3[81-112] — S7(↓)[113-114] — Hu3[118-121] — S4(↑)[128-133] — Hu2[163-174] — S3(↑)[175-186] — Hu1[188-202] — S1(↑)[206-213] — S2(↓)[236-243] — S0(↓)[249-250] — Hd_262[262-265],S5(↑)[42-44] — S6(↑)[74-77] — S7(↓)[113-114] — S4(↑)[128-133] — S3(↑)[175-186] — S1(↑)[206-213] — S2(↓)[236-243] — S0(↓)[249-250],↓↑↑↑↑↓↑↓,A,medium,S0 present at C-terminus but S-1 missing (incomplete C-terminal extension),S5 → S6 → S7 → S4 → S3 → S1 → S2 → S0,True,False,36,True,True
A0A0B2QVD8,alphafold,A,NPPY,127-130,Hd_27[27-46] — S5(↑)[50-54] — Hd2[60-70] — S6(↑)[77-82] — Hd3[85-98] — S7(↑)[103-106] — S4(↑)[121-126] — Hu2[143-167] — S3(↑)[168-179] — Hu1[180-192] — S1(↑)[196-205] — S2(↓)[210-218],S5(↑)[50-54] — S6(↑)[77-82] — S7(↑)[103-106] — S4(↑)[121-126] — S3(↑)[168-179] — S1(↑)[196-205] — S2(↓)[210-218],↑↑↑↑↑↓↑,F,high,N-terminal helix present,S5 → S6 → S7 → S4 → S3 → S1 → S2,False,False,21,True,False
A0A0S4IUK5,alphafold,A,SPPF,240-243,Hd_140[140-153] — S5(↑)[161-165] — Hd2[172-178] — S6(↑)[183-189] — Hd3[193-207] — S7(↑)[214-218] — Hu3[222-228] — S4(↑)[234-239] — Hu2[259-274] — S3(↑)[275-283] — Hu1[295-298] — S1(↑)[303-308] — S2(↓)[315-321] — Hd_327[327-330],S5(↑)[161-165] — S6(↑)[183-189] — S7(↑)[214-218] — S4(↑)[234-239] — S3(↑)[275-283] — S1(↑)[303-308] — S2(↓)[315-321],↑↑↑↑↑↓↑,F,high,N-terminal helix present,S5 → S6 → S7 → S4 → S3 → S1 → S2,False,False,25,True,True
A0A5A8EKL8,alphafold,A,SPPY,133-136,Hd_45[45-55] — S5(↑)[61-63] — Hd2[70-76] — S6(↑)[82-85] — Hd3[89-102] — S7(↑)[108-111] — Hu3[115-123] — S4(↑)[129-132] — Hu2[151-168] — S3(↑)[175-179] — Hu1[182-192] — S1(↑)[197-200] — S2(↓)[216-221],S5(↑)[61-63] — S6(↑)[82-85] — S7(↑)[108-111] — S4(↑)[129-132] — S3(↑)[175-179] — S1(↑)[197-200] — S2(↓)[216-221],↑↑↑↑↑↓↑,F,high,N-terminal helix present,S5 → S6 → S7 → S4 → S3 → S1 → S2,False,False,23,True,False
C1EIH6,alphafold,A,SPPY,382-385,Hd_53[53-58] — S0(↓)[64-68] — Hd_71[71-87] — Hd_112[112-121] — S5(↑)[126-129] — Hd2[136-143] — S6(↑)[147-152] — Hd3[155-165] — S7(↑)[353-356] — S4(↑)[376-381] — Hu2[391-402] — Hu2[440-445] — Hu2[466-494] — S3(↑)[495-506] — Hu1[513-523] — S1(↑)[527-535] — S2(↓)[551-558],S0(↓)[64-68] — S5(↑)[126-129] — S6(↑)[147-152] — S7(↑)[353-356] — S4(↑)[376-381] — S3(↑)[495-506] — S1(↑)[527-535] — S2(↓)[551-558],↑↑↑↑↑↓↑↓,D,medium,S0 at N-terminus with large gap S6-S7 (201 aa) - hybrid D/E feature,S0 → S5 → S6 → S7 → S4 → S3 → S1 → S2,True,False,201,True,False
Q6VED0,alphafold,A,DPPY,240-243,Hd_57[57-62] — S5(↑)[71-73] — Hd2[80-90] — S6(↑)[100-104] — Hd3[164-180] — Hd3[205-215] — S7(↑)[218-222] — S4(↑)[236-239] — Hu2[261-276] — S3(↑)[280-286] — S1(↑)[297-305] — S2(↓)[308-316],S5(↑)[71-73] — S6(↑)[100-104] — S7(↑)[218-222] — S4(↑)[236-239] — S3(↑)[280-286] — S1(↑)[297-305] — S2(↓)[308-316],↑↑↑↑↑↓↑,D,high,Large gap S6-S7 (114 aa) - TRD insertion between Hd3 and S7,S5 → S6 → S7 → S4 → S3 → S1 → S2,False,False,114,True,False
B9TIM8,alphafold,A,DPPY,31-34,S7(↑)[6-10] — Hu3[13-19] — S4(↑)[25-30] — Hu2[56-80] — S3(↑)[81-91] — Hu1[96-105] — S1(↑)[109-118] — S2(↓)[134-141] — Hd1[153-158] — S0(↑)[168-171] — Hd1[195-205] — S5(↑)[211-214] — Hd2[221-228] — S6(↑)[232-237] — Hd_240[240-251],S7(↑)[6-10] — S4(↑)[25-30] — S3(↑)[81-91] — S1(↑)[109-118] — S2(↓)[134-141] — S0(↑)[168-171] — S5(↑)[211-214] — S6(↑)[232-237],↑↑↑↑↑↓↑↑,B,high,"Permuted order: S7 at position 0, S5/S6 at C-terminus",S7 → S4 → S3 → S1 → S2 → S0 → S5 → S6,True,False,N/A (permuted),False,True
A0A2R6X3L5,alphafold,A,SPPY,73-76,S7(↑)[49-52] — Hu3[55-59] — S4(↑)[67-72] — Hu2[94-111] — S3(↑)[112-122] — Hu1[135-138] — S1(↑)[144-152] — S2(↓)[168-175] — Hd1[186-190] — S0(↑)[194-196] — Hd1[217-226] — S5(↑)[233-236] — Hd2[243-250] — S6(↑)[254-259] — Hd_262[262-292],S7(↑)[49-52] — S4(↑)[67-72] — S3(↑)[112-122] — S1(↑)[144-152] — S2(↓)[168-175] — S0(↑)[194-196] — S5(↑)[233-236] — S6(↑)[254-259],↑↑↑↑↑↓↑↑,B,high,"Permuted order: S7 at position 0, S5/S6 at C-terminus",S7 → S4 → S3 → S1 → S2 → S0 → S5 → S6,True,False,N/A (permuted),False,True
A0A072TD07,alphafold,A,NPPY,134-137,Hu_2[2-17] — Hd_23[23-32] — S5(↑)[42-44] — Hd2[51-62] — S6(↑)[74-77] — Hd3[81-112] — S7(↓)[113-114] — Hu3[118-121] — S4(↑)[128-133] — Hu2[163-174] — S3(↑)[175-186] — Hu1[188-202] — S1(↑)[206-213] — S2(↓)[236-243] — S0(↓)[249-250] — Hd_262[262-265],S5(↑)[42-44] — S6(↑)[74-77] — S7(↓)[113-114] — S4(↑)[128-133] — S3(↑)[175-186] — S1(↑)[206-213] — S2(↓)[236-243] — S0(↓)[249-250],↓↑↑↑↑↓↑↓,A,medium,S0 present at C-terminus but S-1 missing (incomplete C-terminal extension),S5 → S6 → S7 → S4 → S3 → S1 → S2 → S0,True,False,36,True,True
A0A0B2QVD8,alphafold,A,NPPY,127-130,Hd_27[27-46] — S5(↑)[50-54] — Hd2[60-70] — S6(↑)[77-82] — Hd3[85-98] — S7(↑)[103-106] — S4(↑)[121-126] — Hu2[143-167] — S3(↑)[168-179] — Hu1[180-192] — S1(↑)[196-205] — S2(↓)[210-218],S5(↑)[50-54] — S6(↑)[77-82] — S7(↑)[103-106] — S4(↑)[121-126] — S3(↑)[168-179] — S1(↑)[196-205] — S2(↓)[210-218],↑↑↑↑↑↓↑,F,high,N-terminal helix present,S5 → S6 → S7 → S4 → S3 → S1 → S2,False,False,21,True,False
A0A0S4IUK5,alphafold,A,SPPF,240-243,Hd_140[140-153] — S5(↑)[161-165] — Hd2[172-178] — S6(↑)[183-189] — Hd3[193-207] — S7(↑)[214-218] — Hu3[222-228] — S4(↑)[234-239] — Hu2[259-274] — S3(↑)[275-283] — Hu1[295-298] — S1(↑)[303-308] — S2(↓)[315-321] — Hd_327[327-330],S5(↑)[161-165] — S6(↑)[183-189] — S7(↑)[214-218] — S4(↑)[234-239] — S3(↑)[275-283] — S1(↑)[303-308] — S2(↓)[315-321],↑↑↑↑↑↓↑,F,high,N-terminal helix present,S5 → S6 → S7 → S4 → S3 → S1 → S2,False,False,25,True,True
A0A5A8EKL8,alphafold,A,SPPY,133-136,Hd_45[45-55] — S5(↑)[61-63] — Hd2[70-76] — S6(↑)[82-85] — Hd3[89-102] — S7(↑)[108-111] — Hu3[115-123] — S4(↑)[129-132] — Hu2[151-168] — S3(↑)[175-179] — Hu1[182-192] — S1(↑)[197-200] — S2(↓)[216-221],S5(↑)[61-63] — S6(↑)[82-85] — S7(↑)[108-111] — S4(↑)[129-132] — S3(↑)[175-179] — S1(↑)[197-200] — S2(↓)[216-221],↑↑↑↑↑↓↑,F,high,N-terminal helix present,S5 → S6 → S7 → S4 → S3 → S1 → S2,False,False,23,True,False
C1EIH6,alphafold,A,SPPY,382-385,Hd_53[53-58] — S0(↓)[64-68] — Hd_71[71-87] — Hd_112[112-121] — S5(↑)[126-129] — Hd2[136-143] — S6(↑)[147-152] — Hd3[155-165] — S7(↑)[353-356] — S4(↑)[376-381] — Hu2[391-402] — Hu2[440-445] — Hu2[466-494] — S3(↑)[495-506] — Hu1[513-523] — S1(↑)[527-535] — S2(↓)[551-558],S0(↓)[64-68] — S5(↑)[126-129] — S6(↑)[147-152] — S7(↑)[353-356] — S4(↑)[376-381] — S3(↑)[495-506] — S1(↑)[527-535] — S2(↓)[551-558],↑↑↑↑↑↓↑↓,D,medium,S0 at N-terminus with large gap S6-S7 (201 aa) - hybrid D/E feature,S0 → S5 → S6 → S7 → S4 → S3 → S1 → S2,True,False,201,True,False
Q6VED0,alphafold,A,DPPY,240-243,Hd_57[57-62] — S5(↑)[71-73] — Hd2[80-90] — S6(↑)[100-104] — Hd3[164-180] — Hd3[205-215] — S7(↑)[218-222] — S4(↑)[236-239] — Hu2[261-276] — S3(↑)[280-286] — S1(↑)[297-305] — S2(↓)[308-316],S5(↑)[71-73] — S6(↑)[100-104] — S7(↑)[218-222] — S4(↑)[236-239] — S3(↑)[280-286] — S1(↑)[297-305] — S2(↓)[308-316],↑↑↑↑↑↓↑,D,high,Large gap S6-S7 (114 aa) - TRD insertion between Hd3 and S7,S5 → S6 → S7 → S4 → S3 → S1 → S2,False,False,114,True,False
B9TIM8,alphafold,A,DPPY,31-34,S7(↑)[6-10] — Hu3[13-19] — S4(↑)[25-30] — Hu2[56-80] — S3(↑)[81-91] — Hu1[96-105] — S1(↑)[109-118] — S2(↓)[134-141] — Hd1[153-158] — S0(↑)[168-171] — Hd1[195-205] — S5(↑)[211-214] — Hd2[221-228] — S6(↑)[232-237] — Hd_240[240-251],S7(↑)[6-10] — S4(↑)[25-30] — S3(↑)[81-91] — S1(↑)[109-118] — S2(↓)[134-141] — S0(↑)[168-171] — S5(↑)[211-214] — S6(↑)[232-237],↑↑↑↑↑↓↑↑,B,high,"Permuted order: S7 at position 0, S5/S6 at C-terminus",S7 → S4 → S3 → S1 → S2 → S0 → S5 → S6,True,False,N/A (permuted),False,True
A0A2R6X3L5,alphafold,A,SPPY,73-76,S7(↑)[49-52] — Hu3[55-59] — S4(↑)[67-72] — Hu2[94-111] — S3(↑)[112-122] — Hu1[135-138] — S1(↑)[144-152] — S2(↓)[168-175] — Hd1[186-190] — S0(↑)[194-196] — Hd1[217-226] — S5(↑)[233-236] — Hd2[243-250] — S6(↑)[254-259] — Hd_262[262-292],S7(↑)[49-52] — S4(↑)[67-72] — S3(↑)[112-122] — S1(↑)[144-152] — S2(↓)[168-175] — S0(↑)[194-196] — S5(↑)[233-236] — S6(↑)[254-259],↑↑↑↑↑↓↑↑,B,high,"Permuted order: S7 at position 0, S5/S6 at C-terminus",S7 → S4 → S3 → S1 → S2 → S0 → S5 → S6,True,False,N/A (permuted),False,True
Q8RNV6,alphafold,A,SPPY,156-159,Hd_31[31-35] — S0(↑)[41-43] — Hd_63[63-73] — S5(↑)[79-82] — Hd2[89-96] — S6(↑)[100-105] — Hd3[108-122] — S7(↑)[131-135] — Hu3[138-143] — S4(↑)[150-155] — Hu2[193-215] — S3(↑)[216-226] — Hu1[238-248] — S1(↑)[252-260] — S2(↓)[284-291],S0(↑)[41-43] — S5(↑)[79-82] — S6(↑)[100-105] — S7(↑)[131-135] — S4(↑)[150-155] — S3(↑)[216-226] — S1(↑)[252-260] — S2(↓)[284-291],↑↑↑↑↑↓↑↑,E,high,"S0 at N-terminus, small gap S6-S7 (26 aa), no S-1",S0 → S5 → S6 → S7 → S4 → S3 → S1 → S2,True,False,26,True,False
Q5DX25,alphafold,A,DPPY,247-250,Hd_114[114-120] — S0(↑)[124-127] — Hd_134[134-142] — Hd_151[151-161] — S5(↑)[167-170] — Hd2[177-183] — S6(↑)[188-193] — Hd3[196-208] — S7(↑)[215-218] — Hu3[221-236] — S4(↑)[241-246] — Hu2[281-300] — S3(↑)[304-314] — Hu1[327-336] — S1(↑)[341-351] — S2(↓)[371-379],S0(↑)[124-127] — S5(↑)[167-170] — S6(↑)[188-193] — S7(↑)[215-218] — S4(↑)[241-246] — S3(↑)[304-314] — S1(↑)[341-351] — S2(↓)[371-379],↑↑↑↑↑↓↑↑,E,high,"S0 at N-terminus, small gap S6-S7 (22 aa), no S-1",S0 → S5 → S6 → S7 → S4 → S3 → S1 → S2,True,False,22,True,False
Q8RNY6,alphafold,A,DPLF,324-327,Hd_118[118-145] — S1(↓)[150-154] — Hd_160[160-167] — S0(↓)[171-177] — Hu_180[180-189] — S-1(↓)[194-196] — Hu_202[202-218] — S2(↓)[224-228] — Hu_247[247-262] — S3(↓)[266-272] — Hu_273[273-291] — S5(↓)[297-304] — Hd_305[305-308] — S4(↑)[315-322],S1(↓)[150-154] — S0(↓)[171-177] — S-1(↓)[194-196] — S2(↓)[224-228] — S3(↓)[266-272] — S5(↓)[297-304] — S4(↑)[315-322],↓↑↓↓↓↓↓,Unknown,low,No clear class assignment,S1 → S0 → S-1 → S2 → S3 → S5 → S4,True,True,N/A,True,False
Q8RNY6,alphafold,A,PC,231-232,Hd_118[118-145] — S5(↑)[150-154] — Hd2[160-167] — S6(↑)[171-177] — Hd3[180-189] — S7(↑)[194-196] — Hu3[202-218] — S4(↑)[224-228] — Hu2[247-262] — S3(↑)[266-272] — Hu1[273-291] — S1(↑)[297-304] — Hd_305[305-308] — S2(↓)[315-322],S5(↑)[150-154] — S6(↑)[171-177] — S7(↑)[194-196] — S4(↑)[224-228] — S3(↑)[266-272] — S1(↑)[297-304] — S2(↓)[315-322],↑↑↑↑↑↓↑,F,high,N-terminal helix present,S5 → S6 → S7 → S4 → S3 → S1 → S2,False,False,17,True,False
Q8RNY1,alphafold,A,NPPY,173-176,Hd_7[7-34] — Hd_41[41-65] — S5(↑)[68-70] — Hd2[77-101] — S6(↑)[103-106] — Hd3[110-128] — Hd3[134-140] — S7(↑)[141-142] — Hu3[157-161] — S4(↑)[167-172] — Hu2[220-232] — S3(↑)[233-244] — Hu1[245-263] — S1(↑)[265-272] — S2(↓)[286-292] — S0(↑)[300-305] — S-1(↓)[308-313] — Hu_314[314-320],S5(↑)[68-70] — S6(↑)[103-106] — S7(↑)[141-142] — S4(↑)[167-172] — S3(↑)[233-244] — S1(↑)[265-272] — S2(↓)[286-292] — S0(↑)[300-305] — S-1(↓)[308-313],↑↑↑↑↑↓↑↑↓,A,high,S0 and S-1 present at C-terminus (C-terminal extension),S5 → S6 → S7 → S4 → S3 → S1 → S2 → S0 → S-1,True,True,35,True,True
Q8RNY1,alphafold,A,PC,802-803,Hd_569[569-586] — Hd_696[696-722] — S5(↑)[728-732] — Hd2[738-745] — S6(↑)[749-755] — Hd3[758-767] — S7(↑)[772-775] — Hu3[781-788] — S4(↑)[796-799] — Hu2[817-832] — S3(↑)[836-842] — Hu1[843-863] — S1(↑)[866-874] — Hd_875[875-878] — S2(↓)[885-893] — Hu_894[894-905],S5(↑)[728-732] — S6(↑)[749-755] — S7(↑)[772-775] — S4(↑)[796-799] — S3(↑)[836-842] — S1(↑)[866-874] — S2(↓)[885-893],↑↑↑↑↑↓↑,F,high,N-terminal helix present,S5 → S6 → S7 → S4 → S3 → S1 → S2,False,False,17,True,True
A0AA40SZF7,alphafold,A,SPPY,268-271,Hd_29[29-40] — Hd_49[49-57] — S5(↑)[65-68] — Hd2[75-82] — S6(↑)[86-90] — S7(↑)[244-248] — Hu3[251-258] — S4(↑)[262-267] — Hu2[323-362] — S3(↑)[363-374] — Hu1[385-396] — S1(↑)[399-410] — S2(↓)[416-425],S5(↑)[65-68] — S6(↑)[86-90] — S7(↑)[244-248] — S4(↑)[262-267] — S3(↑)[363-374] — S1(↑)[399-410] — S2(↓)[416-425],↑↑↑↑↑↓↑,D,high,Large gap S6-S7 (154 aa) - TRD insertion between Hd3 and S7,S5 → S6 → S7 → S4 → S3 → S1 → S2,False,False,154,True,False
A0AA40SZF7,alphafold,A,SPPF,693-696,Hd_443[443-457] — Hd_469[469-472] — Hd_482[482-492] — S5(↑)[498-501] — Hd2[508-515] — S6(↑)[519-524] — Hd3[527-568] — S7(↑)[670-673] — Hu3[676-682] — S4(↑)[687-692] — Hu2[706-748] — S3(↑)[749-762] — Hu1[767-775] — S1(↑)[779-788] — S2(↓)[803-813],S5(↑)[498-501] — S6(↑)[519-524] — S7(↑)[670-673] — S4(↑)[687-692] — S3(↑)[749-762] — S1(↑)[779-788] — S2(↓)[803-813],↑↑↑↑↑↓↑,D,high,Large gap S6-S7 (146 aa) - TRD insertion between Hd3 and S7,S5 → S6 → S7 → S4 → S3 → S1 → S2,False,False,146,True,False
